subject,session,run,task,vif
sub-s03,ses-11,run-1,directedForgettingWFlanker,8.82279241736841
sub-s03,ses-11,run-1,stopSignalWDirectedForgetting,15.88326501373815
sub-s03,ses-11,run-1,stopSignalWFlanker,6.203503535336347
sub-s03,ses-12,run-1,directedForgettingWFlanker,10.431262002134211
sub-s03,ses-12,run-1,stopSignalWDirectedForgetting,19.912417361317814
sub-s03,ses-12,run-1,stopSignalWFlanker,5.897735544136327
sub-s10,ses-11,run-1,directedForgettingWFlanker,9.545995513701634
sub-s10,ses-11,run-1,stopSignalWDirectedForgetting,17.814722642383693
sub-s10,ses-11,run-1,stopSignalWFlanker,5.1220323149418165
sub-s10,ses-12,run-1,directedForgettingWFlanker,10.616236453742284
sub-s10,ses-12,run-1,stopSignalWDirectedForgetting,20.15712780035604
sub-s10,ses-12,run-1,stopSignalWFlanker,3.867233606729701
sub-s1035,ses-11,run-1,spatialTSWCuedTS,5.100928808566337
sub-s1035,ses-11,run-1,stopSignalWDirectedForgetting,11.812381003414128
sub-s1035,ses-11,run-1,stopSignalWFlanker,5.528636189804877
sub-s1035,ses-12,run-1,spatialTSWCuedTS,4.257034742761101
sub-s1035,ses-12,run-1,stopSignalWDirectedForgetting,11.349148817707698
sub-s1035,ses-12,run-1,stopSignalWFlanker,4.803734959529727
sub-s1057,ses-11,run-1,spatialTSWCuedTS,33.016752618719984
sub-s1057,ses-11,run-1,stopSignalWDirectedForgetting,11.981185073298985
sub-s1057,ses-11,run-1,stopSignalWFlanker,8.655472771078301
sub-s1057,ses-12,run-1,spatialTSWCuedTS,10.043298597669914
sub-s1057,ses-12,run-1,stopSignalWDirectedForgetting,11.562451776472749
sub-s1057,ses-12,run-1,stopSignalWFlanker,6.677136331690308
sub-s1057,ses-13,run-1,stopSignalWFlanker,5.628366197337432
sub-s1058,ses-11,run-1,spatialTSWCuedTS,14.291412496100827
sub-s1058,ses-11,run-1,stopSignalWDirectedForgetting,13.409130965956257
sub-s1058,ses-11,run-1,stopSignalWFlanker,4.486956221520124
sub-s1058,ses-12,run-1,spatialTSWCuedTS,7.107366044794796
sub-s1058,ses-12,run-1,stopSignalWDirectedForgetting,10.68064012344107
sub-s1058,ses-12,run-1,stopSignalWFlanker,4.402752748092107
sub-s1127,ses-11,run-1,spatialTSWCuedTS,7.5989936878090045
sub-s1127,ses-11,run-1,stopSignalWDirectedForgetting,9.80782543860912
sub-s1127,ses-11,run-1,stopSignalWFlanker,4.849320562668386
sub-s1127,ses-12,run-1,spatialTSWCuedTS,8.58518481120705
sub-s1127,ses-12,run-1,stopSignalWDirectedForgetting,10.597869855177732
sub-s1127,ses-12,run-1,stopSignalWFlanker,5.035214372806256
sub-s1134,ses-11,run-1,flankerWShapeMatching,82.8381120158947
sub-s1134,ses-11,run-1,stopSignalWDirectedForgetting,10.198430642100542
sub-s1134,ses-11,run-1,stopSignalWFlanker,3.9863198486362967
sub-s1134,ses-12,run-1,flankerWShapeMatching,31.5198279636406
sub-s1134,ses-12,run-1,stopSignalWDirectedForgetting,9.33935541591581
sub-s1134,ses-12,run-1,stopSignalWFlanker,4.850589723282601
sub-s1175,ses-11,run-1,stopSignalWDirectedForgetting,12.03249071024642
sub-s1175,ses-11,run-1,stopSignalWFlanker,4.532493503678242
sub-s1175,ses-12,run-1,cuedTSWFlanker,3.4566770956133053
sub-s1175,ses-12,run-1,stopSignalWDirectedForgetting,11.360501432426322
sub-s1175,ses-12,run-1,stopSignalWFlanker,5.168523062328026
sub-s1175,ses-12,run-2,cuedTSWFlanker,3.8043892969038007
sub-s1189,ses-12,run-1,spatialTSWCuedTS,15.453668152560308
sub-s1189,ses-12,run-1,stopSignalWDirectedForgetting,13.996367640059155
sub-s1189,ses-12,run-1,stopSignalWFlanker,4.67174654666535
sub-s1189,ses-13,run-1,spatialTSWCuedTS,15.920021469887876
sub-s1189,ses-13,run-1,stopSignalWDirectedForgetting,13.825997976185308
sub-s1189,ses-13,run-1,stopSignalWFlanker,7.21253483249091
sub-s1258,ses-11,run-1,spatialTSWCuedTS,10.644075262311295
sub-s1258,ses-11,run-1,stopSignalWDirectedForgetting,14.685969444955056
sub-s1258,ses-11,run-1,stopSignalWFlanker,4.191300202797519
sub-s1258,ses-12,run-1,spatialTSWCuedTS,10.128992312780753
sub-s1258,ses-12,run-1,stopSignalWDirectedForgetting,18.791013237826235
sub-s1258,ses-12,run-1,stopSignalWFlanker,6.378340514033697
sub-s1267,ses-11,run-1,spatialTSWCuedTS,3.955932609855246
sub-s1267,ses-11,run-1,stopSignalWDirectedForgetting,9.68888835909402
sub-s1267,ses-11,run-1,stopSignalWFlanker,5.709320396906171
sub-s1267,ses-12,run-1,spatialTSWCuedTS,4.605278989407071
sub-s1267,ses-12,run-1,stopSignalWDirectedForgetting,11.128385494973664
sub-s1267,ses-12,run-1,stopSignalWFlanker,4.536029925435869
sub-s1270,ses-11,run-1,spatialTSWCuedTS,7.51585351306335
sub-s1270,ses-11,run-1,stopSignalWDirectedForgetting,12.948179194559811
sub-s1270,ses-11,run-1,stopSignalWFlanker,6.147846264311222
sub-s1270,ses-12,run-1,spatialTSWCuedTS,6.25227512440098
sub-s1270,ses-12,run-1,stopSignalWDirectedForgetting,12.171591265960444
sub-s1270,ses-12,run-1,stopSignalWFlanker,6.883604549847484
sub-s1273,ses-11,run-1,spatialTSWCuedTS,13.058976856172666
sub-s1273,ses-11,run-1,stopSignalWDirectedForgetting,11.849378076814215
sub-s1273,ses-11,run-1,stopSignalWFlanker,5.153894918549545
sub-s1273,ses-12,run-1,spatialTSWCuedTS,13.748741080586068
sub-s1273,ses-12,run-1,stopSignalWDirectedForgetting,10.298515440277072
sub-s1273,ses-12,run-1,stopSignalWFlanker,7.6265950708043535
sub-s1292,ses-12,run-1,spatialTSWCuedTS,3.490810148782037
sub-s1292,ses-12,run-1,stopSignalWDirectedForgetting,12.410051076089978
sub-s1292,ses-12,run-1,stopSignalWFlanker,4.72719054986965
sub-s1292,ses-13,run-1,spatialTSWCuedTS,3.467860304838606
sub-s1292,ses-13,run-1,stopSignalWDirectedForgetting,9.868413522156064
sub-s1292,ses-13,run-1,stopSignalWFlanker,5.371029491982559
sub-s1314,ses-11,run-1,spatialTSWCuedTS,19.47071186619357
sub-s1314,ses-11,run-1,stopSignalWDirectedForgetting,9.597410418159638
sub-s1314,ses-11,run-1,stopSignalWFlanker,6.380934409279735
sub-s1314,ses-12,run-1,spatialTSWCuedTS,8.206851140771883
sub-s1314,ses-12,run-1,stopSignalWDirectedForgetting,11.411785262466225
sub-s1314,ses-12,run-1,stopSignalWFlanker,4.435585016308715
sub-s1326,ses-11,run-1,spatialTSWCuedTS,10.32977424120418
sub-s1326,ses-11,run-1,stopSignalWDirectedForgetting,11.008010477888456
sub-s1326,ses-11,run-1,stopSignalWFlanker,5.34850111353482
sub-s1326,ses-12,run-1,spatialTSWCuedTS,8.901091638950103
sub-s1326,ses-12,run-1,stopSignalWDirectedForgetting,11.75263549717236
sub-s1326,ses-12,run-1,stopSignalWFlanker,4.617552965919894
sub-s1338,ses-11,run-1,spatialTSWCuedTS,21.968703460761656
sub-s1338,ses-11,run-1,stopSignalWDirectedForgetting,11.382251536325295
sub-s1338,ses-11,run-1,stopSignalWFlanker,4.576797743727773
sub-s1338,ses-12,run-1,spatialTSWCuedTS,5.979054540238828
sub-s1338,ses-12,run-1,stopSignalWDirectedForgetting,12.309201557988958
sub-s1338,ses-12,run-1,stopSignalWFlanker,4.804893775465242
sub-s1351,ses-11,run-1,flankerWShapeMatching,36.55427657780382
sub-s1351,ses-11,run-1,stopSignalWDirectedForgetting,10.096084103114594
sub-s1351,ses-11,run-1,stopSignalWFlanker,4.7024452207283804
sub-s1351,ses-12,run-1,flankerWShapeMatching,33.98890296495687
sub-s1351,ses-12,run-1,stopSignalWDirectedForgetting,9.571847593929382
sub-s1351,ses-12,run-1,stopSignalWFlanker,4.4079510253855245
sub-s1391,ses-11,run-1,spatialTSWCuedTS,8.76441428121097
sub-s1391,ses-11,run-1,stopSignalWDirectedForgetting,8.948382459849855
sub-s1391,ses-11,run-1,stopSignalWFlanker,5.625592382549435
sub-s1391,ses-12,run-1,spatialTSWCuedTS,5.366834549903294
sub-s1391,ses-12,run-1,stopSignalWDirectedForgetting,9.587732663709437
sub-s1391,ses-12,run-1,stopSignalWFlanker,4.696966078533462
sub-s1399,ses-11,run-1,spatialTSWCuedTS,7.353787398580715
sub-s1399,ses-11,run-1,stopSignalWDirectedForgetting,13.444078876132844
sub-s1399,ses-11,run-1,stopSignalWFlanker,5.100915174147747
sub-s1399,ses-12,run-1,spatialTSWCuedTS,4.634417781451297
sub-s1399,ses-12,run-1,stopSignalWDirectedForgetting,10.7156215230325
sub-s1399,ses-12,run-1,stopSignalWFlanker,5.171073955257195
sub-s1402,ses-11,run-1,stopSignalWDirectedForgetting,10.269296421607043
sub-s1402,ses-11,run-1,stopSignalWFlanker,5.447110212058777
sub-s1402,ses-12,run-1,stopSignalWDirectedForgetting,11.241825692443724
sub-s1402,ses-12,run-1,stopSignalWFlanker,6.229987774333623
sub-s1408,ses-11,run-1,spatialTSWCuedTS,6.23651364690906
sub-s1408,ses-11,run-1,stopSignalWDirectedForgetting,12.285617108506946
sub-s1408,ses-11,run-1,stopSignalWFlanker,5.546326792595297
sub-s1408,ses-12,run-1,spatialTSWCuedTS,7.138430587975637
sub-s1408,ses-12,run-1,stopSignalWDirectedForgetting,11.152062138592772
sub-s1408,ses-12,run-1,stopSignalWFlanker,4.513691991796488
sub-s1445,ses-11,run-1,spatialTSWCuedTS,11.001131629704814
sub-s1445,ses-11,run-1,stopSignalWDirectedForgetting,6.818025414223781
sub-s1445,ses-11,run-1,stopSignalWFlanker,7.51503999962329
sub-s1445,ses-12,run-1,spatialTSWCuedTS,11.06275730041385
sub-s1445,ses-12,run-1,stopSignalWDirectedForgetting,13.670132836199222
sub-s1445,ses-12,run-1,stopSignalWFlanker,4.732248292147214
sub-s1481,ses-11,run-1,spatialTSWCuedTS,11.869919966421406
sub-s1481,ses-11,run-1,stopSignalWDirectedForgetting,12.649096157368604
sub-s1481,ses-11,run-1,stopSignalWFlanker,5.50958501302814
sub-s1481,ses-12,run-1,spatialTSWCuedTS,17.459921485919377
sub-s1481,ses-12,run-1,stopSignalWDirectedForgetting,9.8548975433214
sub-s1481,ses-12,run-1,stopSignalWFlanker,6.7999111036054405
sub-s1486,ses-11,run-1,spatialTSWCuedTS,8.246960405484817
sub-s1486,ses-11,run-1,stopSignalWFlanker,7.677874860269173
sub-s1486,ses-12,run-1,spatialTSWCuedTS,8.113783675442965
sub-s1486,ses-12,run-1,stopSignalWFlanker,5.061274207537017
sub-s180,ses-11,run-1,stopSignalWDirectedForgetting,12.24366190781766
sub-s180,ses-11,run-1,stopSignalWFlanker,5.308675108801423
sub-s180,ses-12,run-1,stopSignalWDirectedForgetting,12.14845626021175
sub-s180,ses-12,run-1,stopSignalWFlanker,5.438112177481994
sub-s19,ses-11,run-1,stopSignalWDirectedForgetting,20.604983042196857
sub-s19,ses-11,run-1,stopSignalWFlanker,6.06716116479873
sub-s19,ses-12,run-1,directedForgettingWFlanker,10.329051095927763
sub-s19,ses-12,run-1,stopSignalWDirectedForgetting,24.16780892759081
sub-s19,ses-12,run-1,stopSignalWFlanker,5.814523758217792
sub-s216,ses-11,run-1,directedForgettingWFlanker,18.10191745506144
sub-s216,ses-11,run-1,stopSignalWDirectedForgetting,22.86950755903358
sub-s216,ses-11,run-1,stopSignalWFlanker,5.589223257450621
sub-s216,ses-12,run-1,directedForgettingWFlanker,11.37314191745878
sub-s216,ses-12,run-1,stopSignalWDirectedForgetting,13.974074475364429
sub-s216,ses-12,run-1,stopSignalWFlanker,8.527544863821376
sub-s247,ses-11,run-1,directedForgettingWFlanker,12.359812220071468
sub-s247,ses-11,run-1,stopSignalWDirectedForgetting,28.85309570314117
sub-s247,ses-11,run-1,stopSignalWFlanker,6.202012770274441
sub-s247,ses-12,run-1,directedForgettingWFlanker,12.191309655217724
sub-s247,ses-12,run-1,stopSignalWDirectedForgetting,27.782418176066027
sub-s247,ses-12,run-1,stopSignalWFlanker,7.170790777758026
sub-s247,ses-12,run-2,stopSignalWDirectedForgetting,30.51218013432057
sub-s286,ses-11,run-1,spatialTSWCuedTS,14.296429060256088
sub-s286,ses-11,run-1,stopSignalWDirectedForgetting,14.680588892183357
sub-s286,ses-11,run-1,stopSignalWFlanker,5.224056377151571
sub-s286,ses-12,run-1,spatialTSWCuedTS,53.564498848634585
sub-s286,ses-12,run-1,stopSignalWDirectedForgetting,11.962226946374416
sub-s286,ses-12,run-1,stopSignalWFlanker,4.501290087816488
sub-s29,ses-11,run-1,directedForgettingWFlanker,13.09265283318405
sub-s29,ses-11,run-1,stopSignalWDirectedForgetting,22.179482319006663
sub-s29,ses-11,run-1,stopSignalWFlanker,19.56570056649872
sub-s29,ses-12,run-1,directedForgettingWFlanker,8.315680247350375
sub-s29,ses-12,run-1,stopSignalWDirectedForgetting,17.93661920646358
sub-s29,ses-12,run-1,stopSignalWFlanker,5.359911629336359
sub-s295,ses-11,run-1,spatialTSWCuedTS,6.350213078180725
sub-s295,ses-11,run-1,stopSignalWDirectedForgetting,11.938715460220337
sub-s295,ses-11,run-1,stopSignalWFlanker,3.772802791700333
sub-s295,ses-12,run-1,spatialTSWCuedTS,5.1780127091052055
sub-s295,ses-12,run-1,stopSignalWDirectedForgetting,12.035463816626626
sub-s295,ses-12,run-1,stopSignalWFlanker,5.406212657228695
sub-s300,ses-11,run-1,spatialTSWShapeMatching,9.788080813719212
sub-s300,ses-11,run-1,stopSignalWDirectedForgetting,10.129487624232748
sub-s300,ses-11,run-1,stopSignalWFlanker,5.524794703700602
sub-s300,ses-12,run-1,spatialTSWShapeMatching,4.980768196505779
sub-s300,ses-12,run-1,stopSignalWDirectedForgetting,10.35862586237491
sub-s300,ses-12,run-1,stopSignalWFlanker,5.4336879937486815
sub-s320,ses-11,run-1,directedForgettingWCuedTS,8.014985125503912
sub-s320,ses-11,run-1,stopSignalWDirectedForgetting,10.503520841109795
sub-s320,ses-11,run-1,stopSignalWFlanker,5.202781173364489
sub-s320,ses-12,run-1,directedForgettingWCuedTS,7.45901932503557
sub-s320,ses-12,run-1,stopSignalWDirectedForgetting,10.576725343259202
sub-s320,ses-12,run-1,stopSignalWFlanker,5.119385028655074
sub-s321,ses-11,run-1,stopSignalWDirectedForgetting,12.038794706832988
sub-s321,ses-11,run-1,stopSignalWFlanker,8.19125998424654
sub-s321,ses-12,run-1,stopSignalWDirectedForgetting,12.70215318806936
sub-s321,ses-12,run-1,stopSignalWFlanker,5.732360073615217
sub-s336,ses-11,run-1,spatialTSWCuedTS,4.63638693814814
sub-s336,ses-11,run-1,stopSignalWDirectedForgetting,17.060427065373407
sub-s336,ses-11,run-1,stopSignalWFlanker,6.880091255153507
sub-s336,ses-12,run-1,spatialTSWCuedTS,6.342037176324775
sub-s336,ses-12,run-1,stopSignalWDirectedForgetting,11.59501723235354
sub-s336,ses-12,run-1,stopSignalWFlanker,4.879117689169493
sub-s373,ses-11,run-1,stopSignalWDirectedForgetting,11.628882265778252
sub-s373,ses-11,run-1,stopSignalWFlanker,4.585790632934748
sub-s373,ses-12,run-1,stopSignalWDirectedForgetting,11.494692158010093
sub-s373,ses-12,run-1,stopSignalWFlanker,4.841462948898383
sub-s394,ses-11,run-1,spatialTSWCuedTS,4.8802391749122975
sub-s394,ses-11,run-1,stopSignalWDirectedForgetting,11.275163326960246
sub-s394,ses-11,run-1,stopSignalWFlanker,8.043674659726143
sub-s394,ses-12,run-1,spatialTSWCuedTS,7.406024702168064
sub-s394,ses-12,run-1,stopSignalWDirectedForgetting,13.794500351366423
sub-s394,ses-12,run-1,stopSignalWFlanker,5.643242108262704
sub-s415,ses-11,run-1,spatialTSWCuedTS,21.06301604899268
sub-s415,ses-11,run-1,stopSignalWDirectedForgetting,15.874680129769692
sub-s415,ses-11,run-1,stopSignalWFlanker,6.692795832216768
sub-s415,ses-12,run-1,spatialTSWCuedTS,18.987851555680244
sub-s415,ses-12,run-1,stopSignalWDirectedForgetting,14.63557212474781
sub-s415,ses-12,run-1,stopSignalWFlanker,5.319164887078571
sub-s43,ses-11,run-1,stopSignalWDirectedForgetting,30.297332256098883
sub-s43,ses-11,run-1,stopSignalWFlanker,5.511495370131849
sub-s43,ses-12,run-1,directedForgettingWFlanker,10.780750095372431
sub-s43,ses-12,run-1,stopSignalWDirectedForgetting,22.20637721597056
sub-s43,ses-12,run-1,stopSignalWFlanker,6.929004755779471
sub-s480,ses-11,run-1,spatialTSWCuedTS,4.655186336506196
sub-s480,ses-11,run-1,stopSignalWDirectedForgetting,10.401166340791498
sub-s480,ses-11,run-1,stopSignalWFlanker,5.197301133843363
sub-s480,ses-12,run-1,spatialTSWCuedTS,7.7237597376018226
sub-s480,ses-12,run-1,stopSignalWDirectedForgetting,11.58323206320241
sub-s480,ses-12,run-1,stopSignalWFlanker,4.968878883935926
sub-s599,ses-11,run-1,spatialTSWCuedTS,5.645818205432563
sub-s599,ses-11,run-1,stopSignalWDirectedForgetting,10.118257126323345
sub-s599,ses-11,run-1,stopSignalWFlanker,5.44181131305962
sub-s599,ses-12,run-1,spatialTSWCuedTS,5.535482452965296
sub-s599,ses-12,run-1,stopSignalWDirectedForgetting,10.723968554728732
sub-s599,ses-12,run-1,stopSignalWFlanker,7.359645641978203
sub-s645,ses-11,run-1,spatialTSWCuedTS,27.43220707215753
sub-s645,ses-11,run-1,stopSignalWDirectedForgetting,11.08022751635688
sub-s645,ses-11,run-1,stopSignalWFlanker,5.021465383309562
sub-s645,ses-12,run-1,spatialTSWCuedTS,5.304267413433516
sub-s645,ses-12,run-1,stopSignalWDirectedForgetting,10.555566862139305
sub-s645,ses-12,run-1,stopSignalWFlanker,5.615809720667859
sub-s76,ses-11,run-1,stopSignalWDirectedForgetting,25.163584642075925
sub-s76,ses-11,run-1,stopSignalWFlanker,5.7736523389517815
sub-s76,ses-12,run-1,directedForgettingWFlanker,9.184486278889906
sub-s76,ses-12,run-1,stopSignalWDirectedForgetting,20.564705424457696
sub-s76,ses-12,run-1,stopSignalWFlanker,5.413583353731453
sub-s76,ses-12,run-2,directedForgettingWFlanker,9.170628234276892
sub-s874,ses-11,run-1,spatialTSWCuedTS,9.135230347277329
sub-s874,ses-11,run-1,stopSignalWDirectedForgetting,12.553236831957776
sub-s874,ses-11,run-1,stopSignalWFlanker,5.777357717004787
sub-s874,ses-12,run-1,spatialTSWCuedTS,9.307215796044389
sub-s874,ses-12,run-1,stopSignalWDirectedForgetting,11.361756960219417
sub-s874,ses-12,run-1,stopSignalWFlanker,6.368858376112871
sub-s956,ses-11,run-1,directedForgettingWCuedTS,6.958981396370779
sub-s956,ses-11,run-1,stopSignalWDirectedForgetting,12.122639752581838
sub-s956,ses-11,run-1,stopSignalWFlanker,20.67842133461564
sub-s956,ses-12,run-1,directedForgettingWCuedTS,6.570091046882991
sub-s956,ses-12,run-1,stopSignalWDirectedForgetting,10.032214233749665
sub-s956,ses-12,run-1,stopSignalWFlanker,5.077421432979731
